fecha,neto,date
2021-08-20 04:33:17.000 +0200,9740.0,2021-08-20,9740.0,2021-08-20
2021-08-27 04:45:45.000 +0200,9580.0,2021-08-27,9580.0,2021-08-27
2021-09-03 01:41:34.000 +0200,7720.0,2021-09-03,7720.0,2021-09-03
2021-09-24 06:25:54.000 +0200,1160.0,2021-09-24,1160.0,2021-09-24
2021-11-05 01:20:07.000 +0100,10420.0,2021-11-05,10420.0,2021-11-05
2021-11-05 01:25:44.000 +0100,9220.0,2021-11-05,9220.0,2021-11-05
2021-11-05 01:52:32.000 +0100,9020.0,2021-11-05,9020.0,2021-11-05
2021-11-05 04:33:04.000 +0100,10000.0,2021-11-05,10000.0,2021-11-05
2021-11-05 04:45:56.000 +0100,7180.0,2021-11-05,7180.0,2021-11-05
2021-11-05 04:46:54.000 +0100,6480.0,2021-11-05,6480.0,2021-11-05
2021-11-05 07:53:39.000 +0100,1380.0,2021-11-05,1380.0,2021-11-05
2021-11-05 08:35:41.000 +0100,5640.0,2021-11-05,5640.0,2021-11-05
2021-11-05 09:33:43.000 +0100,1240.0,2021-11-05,1240.0,2021-11-05
2021-11-05 10:21:35.000 +0100,1160.0,2021-11-05,1160.0,2021-11-05
2021-11-05 11:01:51.000 +0100,4780.0,2021-11-05,4780.0,2021-11-05
2021-11-05 11:34:22.000 +0100,4960.0,2021-11-05,4960.0,2021-11-05
2021-11-05 06:31:53.000 +0100,1100.0,2021-11-05,1100.0,2021-11-05
2021-11-05 08:44:41.000 +0100,720.0,2021-11-05,720.0,2021-11-05
2021-11-05 16:24:27.000 +0100,940.0,2021-11-05,940.0,2021-11-05
2021-11-12 01:15:10.000 +0100,8940.0,2021-11-12,8940.0,2021-11-12
2021-11-12 01:19:50.000 +0100,9420.0,2021-11-12,9420.0,2021-11-12
2021-11-12 01:11:09.000 +0100,10760.0,2021-11-12,10760.0,2021-11-12
2021-11-12 04:49:34.000 +0100,10180.0,2021-11-12,10180.0,2021-11-12
2021-11-12 04:50:00.000 +0100,8180.0,2021-11-12,8180.0,2021-11-12
2021-11-12 06:31:52.000 +0100,940.0,2021-11-12,940.0,2021-11-12
2021-11-12 08:16:51.000 +0100,1640.0,2021-11-12,1640.0,2021-11-12
2021-11-12 09:20:24.000 +0100,2280.0,2021-11-12,2280.0,2021-11-12
2021-11-12 10:37:55.000 +0100,300.0,2021-11-12,300.0,2021-11-12
2021-11-12 10:40:46.000 +0100,5800.0,2021-11-12,5800.0,2021-11-12
2021-11-12 10:53:05.000 +0100,920.0,2021-11-12,920.0,2021-11-12
2021-11-12 11:04:48.000 +0100,1660.0,2021-11-12,1660.0,2021-11-12
2021-11-12 16:15:26.000 +0100,840.0,2021-11-12,840.0,2021-11-12
2021-11-19 00:51:55.000 +0100,10060.0,2021-11-19,10060.0,2021-11-19
2021-11-19 01:01:18.000 +0100,10840.0,2021-11-19,10840.0,2021-11-19
2021-11-19 01:35:14.000 +0100,9780.0,2021-11-19,9780.0,2021-11-19
2021-11-19 04:49:03.000 +0100,6600.0,2021-11-19,6600.0,2021-11-19
2021-11-19 04:51:18.000 +0100,8520.0,2021-11-19,8520.0,2021-11-19
2021-11-19 04:53:16.000 +0100,10760.0,2021-11-19,10760.0,2021-11-19
2021-07-30 10:26:46.000 +0200,5360.0,2021-07-30,5360.0,2021-07-30
2021-08-20 10:26:27.000 +0200,560.0,2021-08-20,560.0,2021-08-20
2021-09-10 08:31:28.000 +0200,2600.0,2021-09-10,2600.0,2021-09-10
2021-10-08 01:23:59.000 +0200,9040.0,2021-10-08,9040.0,2021-10-08
2021-10-15 07:10:18.000 +0200,840.0,2021-10-15,840.0,2021-10-15
2021-10-15 10:46:30.000 +0200,440.0,2021-10-15,440.0,2021-10-15
2021-11-19 06:32:07.000 +0100,1340.0,2021-11-19,1340.0,2021-11-19
2021-11-19 07:57:06.000 +0100,980.0,2021-11-19,980.0,2021-11-19
2021-11-19 08:27:03.000 +0100,680.0,2021-11-19,680.0,2021-11-19
2021-11-19 08:44:30.000 +0100,1760.0,2021-11-19,1760.0,2021-11-19
2021-11-19 09:34:52.000 +0100,80.0,2021-11-19,80.0,2021-11-19
2021-11-19 10:43:27.000 +0100,5140.0,2021-11-19,5140.0,2021-11-19
2021-11-19 10:53:47.000 +0100,540.0,2021-11-19,540.0,2021-11-19
2021-11-19 10:55:54.000 +0100,2560.0,2021-11-19,2560.0,2021-11-19
2021-11-26 01:16:31.000 +0100,10360.0,2021-11-26,10360.0,2021-11-26
2021-11-26 01:19:55.000 +0100,12460.0,2021-11-26,12460.0,2021-11-26
2021-11-26 01:47:50.000 +0100,10100.0,2021-11-26,10100.0,2021-11-26
2021-11-26 04:40:46.000 +0100,8020.0,2021-11-26,8020.0,2021-11-26
2021-11-26 04:41:43.000 +0100,10720.0,2021-11-26,10720.0,2021-11-26
2021-11-26 04:42:43.000 +0100,9520.0,2021-11-26,9520.0,2021-11-26
2021-11-26 06:30:24.000 +0100,1120.0,2021-11-26,1120.0,2021-11-26
2021-11-26 07:19:08.000 +0100,1980.0,2021-11-26,1980.0,2021-11-26
2021-11-26 08:25:06.000 +0100,1240.0,2021-11-26,1240.0,2021-11-26
2021-11-26 08:54:20.000 +0100,1600.0,2021-11-26,1600.0,2021-11-26
2021-11-26 09:39:42.000 +0100,420.0,2021-11-26,420.0,2021-11-26
2021-11-26 10:45:06.000 +0100,1280.0,2021-11-26,1280.0,2021-11-26
2021-11-26 10:54:27.000 +0100,5300.0,2021-11-26,5300.0,2021-11-26
2021-11-26 10:56:55.000 +0100,3020.0,2021-11-26,3020.0,2021-11-26
2021-11-26 16:12:20.000 +0100,260.0,2021-11-26,260.0,2021-11-26
2021-12-03 01:18:23.000 +0100,9220.0,2021-12-03,9220.0,2021-12-03
2021-12-03 01:19:32.000 +0100,11360.0,2021-12-03,11360.0,2021-12-03
2021-12-03 01:44:52.000 +0100,10060.0,2021-12-03,10060.0,2021-12-03
2021-12-03 04:41:06.000 +0100,10020.0,2021-12-03,10020.0,2021-12-03
2021-12-03 04:41:42.000 +0100,6920.0,2021-12-03,6920.0,2021-12-03
2021-12-03 04:42:10.000 +0100,7060.0,2021-12-03,7060.0,2021-12-03
2021-12-03 06:32:03.000 +0100,1140.0,2021-12-03,1140.0,2021-12-03
2021-12-03 07:13:44.000 +0100,1160.0,2021-12-03,1160.0,2021-12-03
2021-12-03 08:24:54.000 +0100,200.0,2021-12-03,200.0,2021-12-03
2021-12-03 09:37:47.000 +0100,1280.0,2021-12-03,1280.0,2021-12-03
2021-12-03 10:39:26.000 +0100,920.0,2021-12-03,920.0,2021-12-03
2021-12-03 10:45:51.000 +0100,5080.0,2021-12-03,5080.0,2021-12-03
2021-12-03 11:06:32.000 +0100,2380.0,2021-12-03,2380.0,2021-12-03
2021-12-03 16:24:33.000 +0100,600.0,2021-12-03,600.0,2021-12-03
2021-12-10 01:02:12.000 +0100,9780.0,2021-12-10,9780.0,2021-12-10
2021-12-10 01:08:51.000 +0100,11620.0,2021-12-10,11620.0,2021-12-10
2021-12-10 01:35:08.000 +0100,9140.0,2021-12-10,9140.0,2021-12-10
2021-12-10 04:35:02.000 +0100,9780.0,2021-12-10,9780.0,2021-12-10
2021-12-10 04:34:31.000 +0100,8260.0,2021-12-10,8260.0,2021-12-10
2021-12-10 04:39:15.000 +0100,7220.0,2021-12-10,7220.0,2021-12-10
2021-12-10 06:32:52.000 +0100,820.0,2021-12-10,820.0,2021-12-10
2021-12-10 07:22:04.000 +0100,1680.0,2021-12-10,1680.0,2021-12-10
2021-12-10 08:44:42.000 +0100,2840.0,2021-12-10,2840.0,2021-12-10
2021-12-10 09:31:32.000 +0100,340.0,2021-12-10,340.0,2021-12-10
2021-12-10 10:27:24.000 +0100,900.0,2021-12-10,900.0,2021-12-10
2021-12-10 10:40:55.000 +0100,5340.0,2021-12-10,5340.0,2021-12-10
2021-12-10 11:20:42.000 +0100,2380.0,2021-12-10,2380.0,2021-12-10
2021-12-10 16:28:27.000 +0100,760.0,2021-12-10,760.0,2021-12-10
2021-12-03 11:51:02.000 +0100,2800.0,2021-12-03,2800.0,2021-12-03
2021-12-10 11:36:24.000 +0100,2300.0,2021-12-10,2300.0,2021-12-10
2021-12-17 01:20:19.000 +0100,10560.0,2021-12-17,10560.0,2021-12-17
2021-12-17 01:19:04.000 +0100,9360.0,2021-12-17,9360.0,2021-12-17
2021-12-17 01:25:13.000 +0100,9040.0,2021-12-17,9040.0,2021-12-17
2021-12-17 04:27:15.000 +0100,8200.0,2021-12-17,8200.0,2021-12-17
2021-12-17 04:36:20.000 +0100,6880.0,2021-12-17,6880.0,2021-12-17
2021-12-17 04:38:51.000 +0100,10100.0,2021-12-17,10100.0,2021-12-17
2021-12-17 06:30:18.000 +0100,1260.0,2021-12-17,1260.0,2021-12-17
2021-12-17 07:10:55.000 +0100,760.0,2021-12-17,760.0,2021-12-17
2021-12-17 08:43:57.000 +0100,200.0,2021-12-17,200.0,2021-12-17
2021-12-17 09:16:21.000 +0100,520.0,2021-12-17,520.0,2021-12-17
2021-12-17 10:17:19.000 +0100,820.0,2021-12-17,820.0,2021-12-17
2021-12-17 10:42:36.000 +0100,5120.0,2021-12-17,5120.0,2021-12-17
2021-12-17 11:27:17.000 +0100,1440.0,2021-12-17,1440.0,2021-12-17
2021-12-17 11:46:22.000 +0100,100.0,2021-12-17,100.0,2021-12-17
2021-12-17 16:26:51.000 +0100,920.0,2021-12-17,920.0,2021-12-17
2021-12-24 01:15:29.000 +0100,10540.0,2021-12-24,10540.0,2021-12-24
2021-12-24 01:21:55.000 +0100,12000.0,2021-12-24,12000.0,2021-12-24
2021-12-24 01:28:51.000 +0100,10040.0,2021-12-24,10040.0,2021-12-24
2021-12-24 04:32:42.000 +0100,8580.0,2021-12-24,8580.0,2021-12-24
2021-12-24 04:33:47.000 +0100,9400.0,2021-12-24,9400.0,2021-12-24
2021-12-24 04:39:44.000 +0100,8080.0,2021-12-24,8080.0,2021-12-24
2021-12-24 06:34:30.000 +0100,1720.0,2021-12-24,1720.0,2021-12-24
2021-12-24 07:19:41.000 +0100,1220.0,2021-12-24,1220.0,2021-12-24
2021-12-24 08:33:13.000 +0100,3160.0,2021-12-24,3160.0,2021-12-24
2021-12-24 09:24:04.000 +0100,180.0,2021-12-24,180.0,2021-12-24
2021-12-24 10:36:13.000 +0100,5780.0,2021-12-24,5780.0,2021-12-24
2021-12-24 10:39:28.000 +0100,640.0,2021-12-24,640.0,2021-12-24
2021-12-24 11:10:45.000 +0100,2860.0,2021-12-24,2860.0,2021-12-24
2021-12-24 11:46:36.000 +0100,2600.0,2021-12-24,2600.0,2021-12-24
2021-12-31 01:22:53.000 +0100,12280.0,2021-12-31,12280.0,2021-12-31
2021-12-31 01:35:35.000 +0100,11120.0,2021-12-31,11120.0,2021-12-31
2021-12-31 02:02:37.000 +0100,10240.0,2021-12-31,10240.0,2021-12-31
2021-12-31 04:39:57.000 +0100,10080.0,2021-12-31,10080.0,2021-12-31
2021-12-31 04:53:16.000 +0100,8380.0,2021-12-31,8380.0,2021-12-31
2021-12-31 04:54:12.000 +0100,7660.0,2021-12-31,7660.0,2021-12-31
2021-12-31 06:36:04.000 +0100,1460.0,2021-12-31,1460.0,2021-12-31
2021-12-31 07:22:32.000 +0100,1180.0,2021-12-31,1180.0,2021-12-31
2021-12-31 08:23:06.000 +0100,3340.0,2021-12-31,3340.0,2021-12-31
2021-12-31 09:22:37.000 +0100,220.0,2021-12-31,220.0,2021-12-31
2021-12-31 10:18:50.000 +0100,660.0,2021-12-31,660.0,2021-12-31
2021-12-31 10:37:38.000 +0100,5440.0,2021-12-31,5440.0,2021-12-31
2021-12-31 11:07:56.000 +0100,2400.0,2021-12-31,2400.0,2021-12-31
2021-12-31 11:47:26.000 +0100,1600.0,2021-12-31,1600.0,2021-12-31
2021-12-31 16:08:07.000 +0100,440.0,2021-12-31,440.0,2021-12-31
2022-01-07 01:12:20.000 +0100,9840.0,2022-01-07,9840.0,2022-01-07
2022-01-07 01:37:00.000 +0100,8700.0,2022-01-07,8700.0,2022-01-07
2022-01-07 01:37:34.000 +0100,8880.0,2022-01-07,8880.0,2022-01-07
2022-01-07 04:36:33.000 +0100,7140.0,2022-01-07,7140.0,2022-01-07
2022-01-07 04:37:11.000 +0100,10360.0,2022-01-07,10360.0,2022-01-07
2022-01-07 04:39:02.000 +0100,7400.0,2022-01-07,7400.0,2022-01-07
2022-01-07 06:37:20.000 +0100,900.0,2022-01-07,900.0,2022-01-07
2022-01-07 07:16:53.000 +0100,820.0,2022-01-07,820.0,2022-01-07
2022-01-07 08:22:19.000 +0100,3200.0,2022-01-07,3200.0,2022-01-07
2022-01-07 09:26:54.000 +0100,1300.0,2022-01-07,1300.0,2022-01-07
2022-01-07 10:40:12.000 +0100,6160.0,2022-01-07,6160.0,2022-01-07
2022-01-07 10:56:43.000 +0100,2540.0,2022-01-07,2540.0,2022-01-07
2022-01-14 01:01:42.000 +0100,10140.0,2022-01-14,10140.0,2022-01-14
2022-01-14 01:04:59.000 +0100,9320.0,2022-01-14,9320.0,2022-01-14
2022-01-14 01:26:07.000 +0100,9440.0,2022-01-14,9440.0,2022-01-14
2022-01-14 04:21:34.000 +0100,6780.0,2022-01-14,6780.0,2022-01-14
2022-01-14 04:21:57.000 +0100,9960.0,2022-01-14,9960.0,2022-01-14
2022-01-14 04:22:33.000 +0100,7480.0,2022-01-14,7480.0,2022-01-14
2022-01-14 06:28:35.000 +0100,1100.0,2022-01-14,1100.0,2022-01-14
2022-01-14 07:16:57.000 +0100,1240.0,2022-01-14,1240.0,2022-01-14
2022-01-14 08:45:28.000 +0100,2400.0,2022-01-14,2400.0,2022-01-14
2022-01-14 09:40:56.000 +0100,80.0,2022-01-14,80.0,2022-01-14
2022-01-14 10:30:55.000 +0100,580.0,2022-01-14,580.0,2022-01-14
2022-01-14 10:42:30.000 +0100,5980.0,2022-01-14,5980.0,2022-01-14
2022-01-14 10:55:49.000 +0100,2360.0,2022-01-14,2360.0,2022-01-14
2022-01-14 12:15:43.000 +0100,1380.0,2022-01-14,1380.0,2022-01-14
2022-01-14 16:02:15.000 +0100,360.0,2022-01-14,360.0,2022-01-14
2022-01-21 01:18:19.000 +0100,8900.0,2022-01-21,8900.0,2022-01-21
2022-01-21 01:25:45.000 +0100,10120.0,2022-01-21,10120.0,2022-01-21
2022-01-21 01:30:59.000 +0100,8980.0,2022-01-21,8980.0,2022-01-21
2022-01-21 04:29:21.000 +0100,7980.0,2022-01-21,7980.0,2022-01-21
2022-01-21 04:35:58.000 +0100,7340.0,2022-01-21,7340.0,2022-01-21
2022-01-21 04:36:26.000 +0100,8420.0,2022-01-21,8420.0,2022-01-21
2022-01-21 06:24:34.000 +0100,940.0,2022-01-21,940.0,2022-01-21
2022-01-21 07:12:13.000 +0100,1020.0,2022-01-21,1020.0,2022-01-21
2022-01-21 08:55:28.000 +0100,200.0,2022-01-21,200.0,2022-01-21
2022-01-21 10:38:47.000 +0100,720.0,2022-01-21,720.0,2022-01-21
2022-01-21 10:43:44.000 +0100,5000.0,2022-01-21,5000.0,2022-01-21
2022-01-21 10:46:52.000 +0100,1520.0,2022-01-21,1520.0,2022-01-21
2022-01-21 11:33:34.000 +0100,1420.0,2022-01-21,1420.0,2022-01-21
2022-01-28 01:19:24.000 +0100,10940.0,2022-01-28,10940.0,2022-01-28
2022-01-28 01:24:22.000 +0100,9400.0,2022-01-28,9400.0,2022-01-28
2022-01-28 01:33:22.000 +0100,8300.0,2022-01-28,8300.0,2022-01-28
2022-01-28 04:33:52.000 +0100,6200.0,2022-01-28,6200.0,2022-01-28
2022-01-28 04:31:42.000 +0100,9440.0,2022-01-28,9440.0,2022-01-28
2022-01-28 04:38:15.000 +0100,7740.0,2022-01-28,7740.0,2022-01-28
2022-01-28 06:30:14.000 +0100,940.0,2022-01-28,940.0,2022-01-28
2022-01-28 07:13:57.000 +0100,1220.0,2022-01-28,1220.0,2022-01-28
2022-01-28 09:15:36.000 +0100,3720.0,2022-01-28,3720.0,2022-01-28
2022-01-28 10:32:18.000 +0100,5240.0,2022-01-28,5240.0,2022-01-28
2022-01-28 10:36:44.000 +0100,900.0,2022-01-28,900.0,2022-01-28
2022-01-28 10:53:55.000 +0100,1720.0,2022-01-28,1720.0,2022-01-28
2022-01-28 10:55:32.000 +0100,120.0,2022-01-28,120.0,2022-01-28
2022-01-28 11:51:34.000 +0100,1780.0,2022-01-28,1780.0,2022-01-28
2022-01-28 16:10:16.000 +0100,480.0,2022-01-28,480.0,2022-01-28
2022-02-11 01:19:33.000 +0100,10240.0,2022-02-11,10240.0,2022-02-11
2022-02-11 01:20:06.000 +0100,8560.0,2022-02-11,8560.0,2022-02-11
2022-02-11 01:20:38.000 +0100,8980.0,2022-02-11,8980.0,2022-02-11
2022-02-11 04:35:53.000 +0100,5940.0,2022-02-11,5940.0,2022-02-11
2022-02-11 04:36:21.000 +0100,8100.0,2022-02-11,8100.0,2022-02-11
2022-02-11 04:42:05.000 +0100,10380.0,2022-02-11,10380.0,2022-02-11
2022-02-11 06:28:52.000 +0100,1100.0,2022-02-11,1100.0,2022-02-11
2022-02-11 07:14:02.000 +0100,1200.0,2022-02-11,1200.0,2022-02-11
2022-02-11 08:53:41.000 +0100,120.0,2022-02-11,120.0,2022-02-11
2022-02-11 10:17:13.000 +0100,800.0,2022-02-11,800.0,2022-02-11
2022-02-11 10:33:50.000 +0100,840.0,2022-02-11,840.0,2022-02-11
2022-02-11 10:56:12.000 +0100,2400.0,2022-02-11,2400.0,2022-02-11
2022-02-11 11:04:59.000 +0100,5500.0,2022-02-11,5500.0,2022-02-11
2022-02-11 12:07:07.000 +0100,420.0,2022-02-11,420.0,2022-02-11
2022-02-11 16:14:45.000 +0100,160.0,2022-02-11,160.0,2022-02-11
2022-02-04 06:24:44.000 +0100,840.0,2022-02-04,840.0,2022-02-04
2022-02-04 01:15:43.000 +0100,8000.0,2022-02-04,8000.0,2022-02-04
2022-02-04 01:15:47.000 +0100,11300.0,2022-02-04,11300.0,2022-02-04
2022-02-04 01:17:35.000 +0100,8340.0,2022-02-04,8340.0,2022-02-04
2022-02-04 04:41:47.000 +0100,7490.0,2022-02-04,7490.0,2022-02-04
2022-02-04 05:00:29.000 +0100,10160.0,2022-02-04,10160.0,2022-02-04
2022-02-04 05:05:48.000 +0100,8480.0,2022-02-04,8480.0,2022-02-04
2022-02-04 07:13:59.000 +0100,2800.0,2022-02-04,2800.0,2022-02-04
2022-02-04 09:09:29.000 +0100,100.0,2022-02-04,100.0,2022-02-04
2022-02-04 10:40:43.000 +0100,460.0,2022-02-04,460.0,2022-02-04
2022-02-04 10:54:54.000 +0100,2080.0,2022-02-04,2080.0,2022-02-04
2022-02-04 10:56:49.000 +0100,4980.0,2022-02-04,4980.0,2022-02-04
2022-02-04 16:05:40.000 +0100,480.0,2022-02-04,480.0,2022-02-04
2022-02-18 16:13:16.000 +0100,160.0,2022-02-18,160.0,2022-02-18
2022-02-25 01:18:05.000 +0100,8740.0,2022-02-25,8740.0,2022-02-25
2022-02-25 01:33:28.000 +0100,10120.0,2022-02-25,10120.0,2022-02-25
2022-02-25 01:50:59.000 +0100,9240.0,2022-02-25,9240.0,2022-02-25
2022-02-25 04:51:51.000 +0100,6280.0,2022-02-25,6280.0,2022-02-25
2022-02-25 04:52:25.000 +0100,7220.0,2022-02-25,7220.0,2022-02-25
2022-02-25 04:53:44.000 +0100,8800.0,2022-02-25,8800.0,2022-02-25
2022-02-25 06:33:38.000 +0100,860.0,2022-02-25,860.0,2022-02-25
2022-02-25 07:18:25.000 +0100,1240.0,2022-02-25,1240.0,2022-02-25
2022-02-25 09:47:09.000 +0100,60.0,2022-02-25,60.0,2022-02-25
2022-02-25 10:36:55.000 +0100,1300.0,2022-02-25,1300.0,2022-02-25
2022-02-25 10:56:17.000 +0100,1660.0,2022-02-25,1660.0,2022-02-25
2022-02-25 11:09:09.000 +0100,5940.0,2022-02-25,5940.0,2022-02-25
2022-02-25 16:11:40.000 +0100,560.0,2022-02-25,560.0,2022-02-25
2022-02-18 01:20:56.000 +0100,9320.0,2022-02-18,9320.0,2022-02-18
2022-02-18 01:29:21.000 +0100,8820.0,2022-02-18,8820.0,2022-02-18
2022-02-18 01:49:09.000 +0100,10480.0,2022-02-18,10480.0,2022-02-18
2022-02-18 04:36:12.000 +0100,8260.0,2022-02-18,8260.0,2022-02-18
2022-02-18 04:40:48.000 +0100,6860.0,2022-02-18,6860.0,2022-02-18
2022-02-18 04:43:15.000 +0100,8160.0,2022-02-18,8160.0,2022-02-18
2022-02-18 06:20:04.000 +0100,1220.0,2022-02-18,1220.0,2022-02-18
2022-02-18 08:30:56.000 +0100,1060.0,2022-02-18,1060.0,2022-02-18
2022-02-18 09:30:17.000 +0100,260.0,2022-02-18,260.0,2022-02-18
2022-02-18 10:30:11.000 +0100,560.0,2022-02-18,560.0,2022-02-18
2022-02-18 10:40:59.000 +0100,5220.0,2022-02-18,5220.0,2022-02-18
2022-02-18 10:52:09.000 +0100,2400.0,2022-02-18,2400.0,2022-02-18
2022-03-04 00:57:27.000 +0100,9640.0,2022-03-04,9640.0,2022-03-04
2022-03-04 01:09:07.000 +0100,8480.0,2022-03-04,8480.0,2022-03-04
2022-03-04 01:14:28.000 +0100,10180.0,2022-03-04,10180.0,2022-03-04
2022-03-04 04:21:56.000 +0100,6880.0,2022-03-04,6880.0,2022-03-04
2022-03-04 04:26:58.000 +0100,6860.0,2022-03-04,6860.0,2022-03-04
2022-03-04 04:27:37.000 +0100,9060.0,2022-03-04,9060.0,2022-03-04
2022-03-04 06:25:16.000 +0100,1060.0,2022-03-04,1060.0,2022-03-04
2022-03-04 07:10:14.000 +0100,1280.0,2022-03-04,1280.0,2022-03-04
2022-03-04 08:53:48.000 +0100,3560.0,2022-03-04,3560.0,2022-03-04
2022-03-04 10:30:55.000 +0100,1100.0,2022-03-04,1100.0,2022-03-04
2022-03-04 10:31:41.000 +0100,4860.0,2022-03-04,4860.0,2022-03-04
2022-03-04 10:33:53.000 +0100,220.0,2022-03-04,220.0,2022-03-04
2022-03-04 11:09:18.000 +0100,2180.0,2022-03-04,2180.0,2022-03-04
2022-03-04 12:28:41.000 +0100,4640.0,2022-03-04,4640.0,2022-03-04
2022-03-04 16:15:08.000 +0100,380.0,2022-03-04,380.0,2022-03-04
2022-03-04 22:05:29.000 +0100,8100.0,2022-03-04,8100.0,2022-03-04
2022-03-04 09:54:52.000 +0100,760.0,2022-03-04,760.0,2022-03-04
2022-03-11 01:05:41.000 +0100,9060.0,2022-03-11,9060.0,2022-03-11
2022-03-11 01:19:30.000 +0100,9320.0,2022-03-11,9320.0,2022-03-11
2022-03-11 01:26:29.000 +0100,9080.0,2022-03-11,9080.0,2022-03-11
2022-03-11 04:33:09.000 +0100,7060.0,2022-03-11,7060.0,2022-03-11
2022-03-11 04:45:31.000 +0100,7760.0,2022-03-11,7760.0,2022-03-11
2022-03-11 04:49:19.000 +0100,8720.0,2022-03-11,8720.0,2022-03-11
2022-03-11 06:34:03.000 +0100,1100.0,2022-03-11,1100.0,2022-03-11
2022-03-11 07:15:59.000 +0100,1320.0,2022-03-11,1320.0,2022-03-11
2022-03-11 09:05:53.000 +0100,200.0,2022-03-11,200.0,2022-03-11
2022-03-11 10:16:39.000 +0100,1680.0,2022-03-11,1680.0,2022-03-11
2022-03-11 10:53:53.000 +0100,1860.0,2022-03-11,1860.0,2022-03-11
2022-03-11 11:03:53.000 +0100,5400.0,2022-03-11,5400.0,2022-03-11
2022-03-11 16:20:19.000 +0100,460.0,2022-03-11,460.0,2022-03-11
2022-03-18 01:17:22.000 +0100,9020.0,2022-03-18,9020.0,2022-03-18
2022-03-18 01:19:01.000 +0100,10580.0,2022-03-18,10580.0,2022-03-18
2022-03-18 01:35:14.000 +0100,8240.0,2022-03-18,8240.0,2022-03-18
2022-03-18 04:38:00.000 +0100,8180.0,2022-03-18,8180.0,2022-03-18
2022-03-18 04:40:28.000 +0100,7840.0,2022-03-18,7840.0,2022-03-18
2022-03-18 04:46:26.000 +0100,7240.0,2022-03-18,7240.0,2022-03-18
2022-03-18 06:25:47.000 +0100,1020.0,2022-03-18,1020.0,2022-03-18
2022-03-18 08:15:46.000 +0100,1600.0,2022-03-18,1600.0,2022-03-18
2022-03-18 09:42:00.000 +0100,80.0,2022-03-18,80.0,2022-03-18
2022-03-18 10:34:41.000 +0100,760.0,2022-03-18,760.0,2022-03-18
2022-03-18 10:47:02.000 +0100,4860.0,2022-03-18,4860.0,2022-03-18
2022-03-18 10:47:25.000 +0100,1980.0,2022-03-18,1980.0,2022-03-18
2022-03-18 16:28:42.000 +0100,140.0,2022-03-18,140.0,2022-03-18
2022-03-25 01:22:23.000 +0100,9240.0,2022-03-25,9240.0,2022-03-25
2022-03-25 01:24:14.000 +0100,10380.0,2022-03-25,10380.0,2022-03-25
2022-03-25 01:53:57.000 +0100,7960.0,2022-03-25,7960.0,2022-03-25
2022-03-25 04:41:19.000 +0100,9820.0,2022-03-25,9820.0,2022-03-25
2022-03-25 04:49:26.000 +0100,7000.0,2022-03-25,7000.0,2022-03-25
2022-03-25 04:50:26.000 +0100,6560.0,2022-03-25,6560.0,2022-03-25
2022-03-25 06:24:18.000 +0100,980.0,2022-03-25,980.0,2022-03-25
2022-03-25 07:15:13.000 +0100,1320.0,2022-03-25,1320.0,2022-03-25
2022-03-25 08:46:54.000 +0100,180.0,2022-03-25,180.0,2022-03-25
2022-03-25 10:42:51.000 +0100,5320.0,2022-03-25,5320.0,2022-03-25
2022-03-25 10:51:14.000 +0100,800.0,2022-03-25,800.0,2022-03-25
2022-03-25 10:56:05.000 +0100,1960.0,2022-03-25,1960.0,2022-03-25
2022-03-25 16:09:38.000 +0100,480.0,2022-03-25,480.0,2022-03-25
2021-07-09 01:01:56.000 +0200,8900.0,2021-07-09,8900.0,2021-07-09
2021-07-09 01:06:55.000 +0200,10060.0,2021-07-09,10060.0,2021-07-09
2021-07-09 01:35:27.000 +0200,7900.0,2021-07-09,7900.0,2021-07-09
2021-07-09 04:23:11.000 +0200,10920.0,2021-07-09,10920.0,2021-07-09
2021-07-09 04:28:16.000 +0200,6480.0,2021-07-09,6480.0,2021-07-09
2021-07-09 06:32:43.000 +0200,3480.0,2021-07-09,3480.0,2021-07-09
2021-07-09 07:23:15.000 +0200,980.0,2021-07-09,980.0,2021-07-09
2021-07-09 08:25:54.000 +0200,1440.0,2021-07-09,1440.0,2021-07-09
2021-07-09 10:19:11.000 +0200,920.0,2021-07-09,920.0,2021-07-09
2021-07-09 10:51:47.000 +0200,2240.0,2021-07-09,2240.0,2021-07-09
2021-07-09 10:58:14.000 +0200,5620.0,2021-07-09,5620.0,2021-07-09
2021-07-09 16:14:12.000 +0200,540.0,2021-07-09,540.0,2021-07-09
2021-07-16 01:35:46.000 +0200,8360.0,2021-07-16,8360.0,2021-07-16
2021-07-16 01:41:45.000 +0200,8580.0,2021-07-16,8580.0,2021-07-16
2021-07-16 05:13:27.000 +0200,1660.0,2021-07-16,1660.0,2021-07-16
2021-07-16 05:13:50.000 +0200,12920.0,2021-07-16,12920.0,2021-07-16
2021-07-16 05:14:17.000 +0200,7780.0,2021-07-16,7780.0,2021-07-16
2021-07-16 06:34:46.000 +0200,800.0,2021-07-16,800.0,2021-07-16
2021-07-16 07:24:15.000 +0200,1040.0,2021-07-16,1040.0,2021-07-16
2021-07-16 09:01:47.000 +0200,160.0,2021-07-16,160.0,2021-07-16
2021-07-16 09:26:07.000 +0200,1500.0,2021-07-16,1500.0,2021-07-16
2021-07-16 10:42:52.000 +0200,780.0,2021-07-16,780.0,2021-07-16
2021-07-16 10:53:28.000 +0200,5200.0,2021-07-16,5200.0,2021-07-16
2021-07-16 11:08:41.000 +0200,3020.0,2021-07-16,3020.0,2021-07-16
2021-07-16 01:04:48.000 +0200,10080.0,2021-07-16,10080.0,2021-07-16
2021-07-16 16:02:55.000 +0200,520.0,2021-07-16,520.0,2021-07-16
2021-07-23 01:32:55.000 +0200,7360.0,2021-07-23,7360.0,2021-07-23
2021-07-23 04:24:50.000 +0200,9820.0,2021-07-23,9820.0,2021-07-23
2021-07-23 04:32:58.000 +0200,6620.0,2021-07-23,6620.0,2021-07-23
2021-07-23 04:37:22.000 +0200,7260.0,2021-07-23,7260.0,2021-07-23
2021-07-23 06:36:37.000 +0200,700.0,2021-07-23,700.0,2021-07-23
2021-07-23 07:22:34.000 +0200,1260.0,2021-07-23,1260.0,2021-07-23
2021-07-23 09:29:25.000 +0200,580.0,2021-07-23,580.0,2021-07-23
2021-07-23 10:47:36.000 +0200,5600.0,2021-07-23,5600.0,2021-07-23
2021-07-23 10:45:15.000 +0200,780.0,2021-07-23,780.0,2021-07-23
2021-07-23 01:09:37.000 +0200,8560.0,2021-07-23,8560.0,2021-07-23
2021-07-23 10:58:17.000 +0200,2280.0,2021-07-23,2280.0,2021-07-23
2021-07-23 16:12:44.000 +0200,260.0,2021-07-23,260.0,2021-07-23
2021-07-30 01:02:52.000 +0200,9100.0,2021-07-30,9100.0,2021-07-30
2021-07-30 04:38:25.000 +0200,5420.0,2021-07-30,5420.0,2021-07-30
2021-07-30 04:45:16.000 +0200,9820.0,2021-07-30,9820.0,2021-07-30
2021-07-30 04:45:51.000 +0200,9780.0,2021-07-30,9780.0,2021-07-30
2021-07-30 06:29:51.000 +0200,1180.0,2021-07-30,1180.0,2021-07-30
2021-07-30 07:17:20.000 +0200,1300.0,2021-07-30,1300.0,2021-07-30
2021-07-30 09:12:14.000 +0200,220.0,2021-07-30,220.0,2021-07-30
2021-07-30 01:41:04.000 +0200,8580.0,2021-07-30,8580.0,2021-07-30
2021-07-30 16:20:44.000 +0200,820.0,2021-07-30,820.0,2021-07-30
2021-07-30 11:14:02.000 +0200,2540.0,2021-07-30,2540.0,2021-07-30
2021-08-06 01:05:25.000 +0200,8280.0,2021-08-06,8280.0,2021-08-06
2021-08-06 01:14:50.000 +0200,9540.0,2021-08-06,9540.0,2021-08-06
2021-08-06 01:42:25.000 +0200,8060.0,2021-08-06,8060.0,2021-08-06
2021-08-06 04:27:52.000 +0200,9180.0,2021-08-06,9180.0,2021-08-06
2021-08-06 04:28:39.000 +0200,6780.0,2021-08-06,6780.0,2021-08-06
2021-08-06 04:32:17.000 +0200,6800.0,2021-08-06,6800.0,2021-08-06
2021-08-06 06:32:47.000 +0200,1100.0,2021-08-06,1100.0,2021-08-06
2021-08-06 07:31:31.000 +0200,1320.0,2021-08-06,1320.0,2021-08-06
2021-08-06 10:38:24.000 +0200,4820.0,2021-08-06,4820.0,2021-08-06
2021-08-06 10:36:09.000 +0200,1040.0,2021-08-06,1040.0,2021-08-06
2021-08-06 09:17:31.000 +0200,480.0,2021-08-06,480.0,2021-08-06
2021-08-06 10:49:41.000 +0200,2940.0,2021-08-06,2940.0,2021-08-06
2022-04-01 01:11:59.000 +0200,8800.0,2022-04-01,8800.0,2022-04-01
2022-04-01 01:19:27.000 +0200,10340.0,2022-04-01,10340.0,2022-04-01
2022-04-01 01:42:30.000 +0200,8380.0,2022-04-01,8380.0,2022-04-01
2021-08-13 01:10:29.000 +0200,9640.0,2021-08-13,9640.0,2021-08-13
2021-08-13 01:22:41.000 +0200,7760.0,2021-08-13,7760.0,2021-08-13
2021-08-13 01:54:20.000 +0200,8300.0,2021-08-13,8300.0,2021-08-13
2021-08-13 04:28:51.000 +0200,10440.0,2021-08-13,10440.0,2021-08-13
2021-08-13 04:38:18.000 +0200,6860.0,2021-08-13,6860.0,2021-08-13
2021-08-13 04:39:46.000 +0200,5180.0,2021-08-13,5180.0,2021-08-13
2021-08-13 06:25:55.000 +0200,1040.0,2021-08-13,1040.0,2021-08-13
2021-08-13 07:19:00.000 +0200,1220.0,2021-08-13,1220.0,2021-08-13
2021-08-13 08:29:41.000 +0200,2260.0,2021-08-13,2260.0,2021-08-13
2022-04-01 04:28:22.000 +0200,7680.0,2022-04-01,7680.0,2022-04-01
2021-08-13 09:33:15.000 +0200,200.0,2021-08-13,200.0,2021-08-13
2021-08-13 10:33:21.000 +0200,6120.0,2021-08-13,6120.0,2021-08-13
2021-08-13 10:41:50.000 +0200,860.0,2021-08-13,860.0,2021-08-13
2021-08-13 10:56:34.000 +0200,2340.0,2021-08-13,2340.0,2021-08-13
2022-04-01 04:31:41.000 +0200,8720.0,2022-04-01,8720.0,2022-04-01
2022-04-01 04:44:42.000 +0200,7500.0,2022-04-01,7500.0,2022-04-01
2022-04-01 06:33:21.000 +0200,940.0,2022-04-01,940.0,2022-04-01
2022-04-01 07:14:23.000 +0200,1300.0,2022-04-01,1300.0,2022-04-01
2021-08-20 01:12:29.000 +0200,7540.0,2021-08-20,7540.0,2021-08-20
2021-08-20 01:18:22.000 +0200,9880.0,2021-08-20,9880.0,2021-08-20
2021-08-20 01:25:22.000 +0200,7120.0,2021-08-20,7120.0,2021-08-20
2021-08-20 04:20:50.000 +0200,7020.0,2021-08-20,7020.0,2021-08-20
2021-08-20 04:33:56.000 +0200,6900.0,2021-08-20,6900.0,2021-08-20
2021-08-20 06:34:38.000 +0200,1060.0,2021-08-20,1060.0,2021-08-20
2021-08-20 07:18:04.000 +0200,1180.0,2021-08-20,1180.0,2021-08-20
2021-08-20 10:53:21.000 +0200,2820.0,2021-08-20,2820.0,2021-08-20
2021-08-20 10:48:45.000 +0200,4760.0,2021-08-20,4760.0,2021-08-20
2021-08-20 16:25:38.000 +0200,560.0,2021-08-20,560.0,2021-08-20
2022-04-01 08:34:40.000 +0200,80.0,2022-04-01,80.0,2022-04-01
2021-08-27 01:03:04.000 +0200,9420.0,2021-08-27,9420.0,2021-08-27
2021-08-27 01:09:36.000 +0200,8900.0,2021-08-27,8900.0,2021-08-27
2021-08-27 01:56:47.000 +0200,8460.0,2021-08-27,8460.0,2021-08-27
2021-08-27 04:41:19.000 +0200,5800.0,2021-08-27,5800.0,2021-08-27
2021-08-27 06:31:03.000 +0200,1000.0,2021-08-27,1000.0,2021-08-27
2021-08-27 07:12:52.000 +0200,1260.0,2021-08-27,1260.0,2021-08-27
2021-08-27 08:39:49.000 +0200,2760.0,2021-08-27,2760.0,2021-08-27
2021-08-27 09:33:49.000 +0200,140.0,2021-08-27,140.0,2021-08-27
2021-08-27 10:36:23.000 +0200,5780.0,2021-08-27,5780.0,2021-08-27
2021-08-27 10:30:29.000 +0200,1100.0,2021-08-27,1100.0,2021-08-27
2021-08-27 10:50:57.000 +0200,2040.0,2021-08-27,2040.0,2021-08-27
2021-08-27 16:25:20.000 +0200,620.0,2021-08-27,620.0,2021-08-27
2022-04-01 10:24:38.000 +0200,760.0,2022-04-01,760.0,2022-04-01
2022-04-01 10:54:02.000 +0200,2180.0,2022-04-01,2180.0,2022-04-01
2022-04-01 10:55:56.000 +0200,4440.0,2022-04-01,4440.0,2022-04-01
2021-09-03 01:02:24.000 +0200,7900.0,2021-09-03,7900.0,2021-09-03
2021-09-03 01:06:12.000 +0200,9480.0,2021-09-03,9480.0,2021-09-03
2021-09-03 04:32:36.000 +0200,8620.0,2021-09-03,8620.0,2021-09-03
2021-09-03 06:30:50.000 +0200,740.0,2021-09-03,740.0,2021-09-03
2021-09-03 08:43:17.000 +0200,3460.0,2021-09-03,3460.0,2021-09-03
2021-09-03 10:22:09.000 +0200,40.0,2021-09-03,40.0,2021-09-03
2021-09-03 10:39:38.000 +0200,5620.0,2021-09-03,5620.0,2021-09-03
2021-09-03 10:41:44.000 +0200,720.0,2021-09-03,720.0,2021-09-03
2021-09-03 11:08:01.000 +0200,2580.0,2021-09-03,2580.0,2021-09-03
2021-09-03 07:17:57.000 +0200,780.0,2021-09-03,780.0,2021-09-03
2021-09-03 16:33:41.000 +0200,700.0,2021-09-03,700.0,2021-09-03
2021-09-10 01:12:28.000 +0200,11160.0,2021-09-10,11160.0,2021-09-10
2021-09-10 01:34:56.000 +0200,9340.0,2021-09-10,9340.0,2021-09-10
2021-09-10 04:31:29.000 +0200,10340.0,2021-09-10,10340.0,2021-09-10
2021-09-10 04:34:18.000 +0200,5900.0,2021-09-10,5900.0,2021-09-10
2021-09-10 04:35:13.000 +0200,8300.0,2021-09-10,8300.0,2021-09-10
2021-09-10 06:27:36.000 +0200,880.0,2021-09-10,880.0,2021-09-10
2021-09-10 08:53:11.000 +0200,1100.0,2021-09-10,1100.0,2021-09-10
2021-09-10 01:12:51.000 +0200,9640.0,2021-09-10,9640.0,2021-09-10
2021-09-10 09:32:11.000 +0200,120.0,2021-09-10,120.0,2021-09-10
2021-09-10 10:09:53.000 +0200,1460.0,2021-09-10,1460.0,2021-09-10
2021-09-10 11:02:43.000 +0200,2560.0,2021-09-10,2560.0,2021-09-10
2021-09-10 10:34:51.000 +0200,5280.0,2021-09-10,5280.0,2021-09-10
2021-09-10 16:13:24.000 +0200,460.0,2021-09-10,460.0,2021-09-10
2021-09-17 00:59:00.000 +0200,9580.0,2021-09-17,9580.0,2021-09-17
2021-09-17 01:29:14.000 +0200,8060.0,2021-09-17,8060.0,2021-09-17
2021-09-17 02:56:03.000 +0200,8000.0,2021-09-17,8000.0,2021-09-17
2021-09-17 04:39:16.000 +0200,9760.0,2021-09-17,9760.0,2021-09-17
2021-09-17 04:42:24.000 +0200,8860.0,2021-09-17,8860.0,2021-09-17
2021-09-17 04:43:55.000 +0200,4880.0,2021-09-17,4880.0,2021-09-17
2021-09-17 06:26:31.000 +0200,880.0,2021-09-17,880.0,2021-09-17
2021-09-17 08:37:36.000 +0200,1680.0,2021-09-17,1680.0,2021-09-17
2021-09-17 10:01:47.000 +0200,3120.0,2021-09-17,3120.0,2021-09-17
2021-09-17 10:49:02.000 +0200,5200.0,2021-09-17,5200.0,2021-09-17
2021-09-17 10:49:27.000 +0200,2220.0,2021-09-17,2220.0,2021-09-17
2021-09-17 16:10:50.000 +0200,120.0,2021-09-17,120.0,2021-09-17
2021-09-17 09:38:02.000 +0200,200.0,2021-09-17,200.0,2021-09-17
2021-09-24 01:46:09.000 +0200,9420.0,2021-09-24,9420.0,2021-09-24
2021-09-24 04:40:40.000 +0200,9740.0,2021-09-24,9740.0,2021-09-24
2021-09-24 04:40:05.000 +0200,10220.0,2021-09-24,10220.0,2021-09-24
2021-09-24 04:45:47.000 +0200,6160.0,2021-09-24,6160.0,2021-09-24
2021-09-24 08:21:20.000 +0200,1040.0,2021-09-24,1040.0,2021-09-24
2021-09-24 00:59:55.000 +0200,10100.0,2021-09-24,10100.0,2021-09-24
2021-09-24 10:23:15.000 +0200,3520.0,2021-09-24,3520.0,2021-09-24
2021-09-24 10:56:23.000 +0200,5540.0,2021-09-24,5540.0,2021-09-24
2021-09-24 11:04:15.000 +0200,2760.0,2021-09-24,2760.0,2021-09-24
2021-09-24 09:23:49.000 +0200,140.0,2021-09-24,140.0,2021-09-24
2021-09-24 16:23:37.000 +0200,840.0,2021-09-24,840.0,2021-09-24
2021-10-01 01:13:45.000 +0200,9660.0,2021-10-01,9660.0,2021-10-01
2021-10-01 01:14:19.000 +0200,11000.0,2021-10-01,11000.0,2021-10-01
2021-10-01 01:15:24.000 +0200,9360.0,2021-10-01,9360.0,2021-10-01
2021-10-01 04:28:27.000 +0200,7860.0,2021-10-01,7860.0,2021-10-01
2021-10-01 04:30:13.000 +0200,10120.0,2021-10-01,10120.0,2021-10-01
2021-10-01 04:30:45.000 +0200,8020.0,2021-10-01,8020.0,2021-10-01
2021-10-01 06:27:59.000 +0200,1080.0,2021-10-01,1080.0,2021-10-01
2021-10-01 07:15:49.000 +0200,1200.0,2021-10-01,1200.0,2021-10-01
2021-10-01 08:50:12.000 +0200,3740.0,2021-10-01,3740.0,2021-10-01
2021-10-01 10:45:12.000 +0200,5580.0,2021-10-01,5580.0,2021-10-01
2021-10-01 10:52:18.000 +0200,2200.0,2021-10-01,2200.0,2021-10-01
2021-10-01 11:22:10.000 +0200,1800.0,2021-10-01,1800.0,2021-10-01
2021-10-01 16:20:18.000 +0200,540.0,2021-10-01,540.0,2021-10-01
2021-10-15 01:17:23.000 +0200,9260.0,2021-10-15,9260.0,2021-10-15
2021-10-15 01:33:37.000 +0200,11240.0,2021-10-15,11240.0,2021-10-15
2021-10-15 01:34:34.000 +0200,8340.0,2021-10-15,8340.0,2021-10-15
2021-10-15 04:32:16.000 +0200,9060.0,2021-10-15,9060.0,2021-10-15
2021-10-15 04:31:45.000 +0200,7760.0,2021-10-15,7760.0,2021-10-15
2021-10-15 04:36:12.000 +0200,7180.0,2021-10-15,7180.0,2021-10-15
2021-10-15 06:29:15.000 +0200,940.0,2021-10-15,940.0,2021-10-15
2021-10-15 08:50:31.000 +0200,100.0,2021-10-15,100.0,2021-10-15
2021-10-15 10:47:09.000 +0200,4960.0,2021-10-15,4960.0,2021-10-15
2021-10-15 10:59:38.000 +0200,2620.0,2021-10-15,2620.0,2021-10-15
2021-10-22 01:31:18.000 +0200,10220.0,2021-10-22,10220.0,2021-10-22
2021-10-22 01:36:05.000 +0200,10520.0,2021-10-22,10520.0,2021-10-22
2021-10-22 04:56:55.000 +0200,9000.0,2021-10-22,9000.0,2021-10-22
2021-10-22 04:57:39.000 +0200,9860.0,2021-10-22,9860.0,2021-10-22
2021-10-22 04:58:11.000 +0200,7260.0,2021-10-22,7260.0,2021-10-22
2021-10-22 01:17:22.000 +0200,8800.0,2021-10-22,8800.0,2021-10-22
2021-10-22 08:38:25.000 +0200,1460.0,2021-10-22,1460.0,2021-10-22
2021-10-22 06:28:35.000 +0200,1620.0,2021-10-22,1620.0,2021-10-22
2021-10-22 07:24:47.000 +0200,900.0,2021-10-22,900.0,2021-10-22
2021-10-22 10:39:30.000 +0200,4960.0,2021-10-22,4960.0,2021-10-22
2021-10-22 10:31:49.000 +0200,1360.0,2021-10-22,1360.0,2021-10-22
2021-10-22 11:02:32.000 +0200,2580.0,2021-10-22,2580.0,2021-10-22
2021-07-09 09:15:59.000 +0200,140.0,2021-07-09,140.0,2021-07-09
2021-07-30 01:29:23.000 +0200,9400.0,2021-07-30,9400.0,2021-07-30
2021-07-30 10:39:33.000 +0200,840.0,2021-07-30,840.0,2021-07-30
2021-07-23 01:05:28.000 +0200,10380.0,2021-07-23,10380.0,2021-07-23
2021-08-20 08:43:30.000 +0200,540.0,2021-08-20,540.0,2021-08-20
2021-09-03 04:29:07.000 +0200,6800.0,2021-09-03,6800.0,2021-09-03
2021-10-01 11:25:01.000 +0200,200.0,2021-10-01,200.0,2021-10-01
2021-10-08 01:14:17.000 +0200,9300.0,2021-10-08,9300.0,2021-10-08
2021-10-08 01:45:52.000 +0200,9140.0,2021-10-08,9140.0,2021-10-08
2021-10-08 01:29:01.000 +0200,11640.0,2021-10-08,11640.0,2021-10-08
2021-10-08 04:45:22.000 +0200,6020.0,2021-10-08,6020.0,2021-10-08
2021-10-08 07:12:06.000 +0200,1300.0,2021-10-08,1300.0,2021-10-08
2021-10-08 08:45:11.000 +0200,3200.0,2021-10-08,3200.0,2021-10-08
2021-10-08 09:40:23.000 +0200,180.0,2021-10-08,180.0,2021-10-08
2021-10-08 10:32:42.000 +0200,1720.0,2021-10-08,1720.0,2021-10-08
2021-10-08 04:53:48.000 +0200,10380.0,2021-10-08,10380.0,2021-10-08
2021-10-08 11:01:43.000 +0200,2960.0,2021-10-08,2960.0,2021-10-08
2021-10-22 09:27:59.000 +0200,200.0,2021-10-22,200.0,2021-10-22
2021-10-29 01:13:10.000 +0200,10600.0,2021-10-29,10600.0,2021-10-29
2021-10-29 01:14:57.000 +0200,9660.0,2021-10-29,9660.0,2021-10-29
2021-10-29 01:41:14.000 +0200,8340.0,2021-10-29,8340.0,2021-10-29
2021-10-29 04:29:51.000 +0200,10560.0,2021-10-29,10560.0,2021-10-29
2021-10-29 04:28:30.000 +0200,7480.0,2021-10-29,7480.0,2021-10-29
2021-10-29 04:34:55.000 +0200,7140.0,2021-10-29,7140.0,2021-10-29
2021-10-29 06:30:17.000 +0200,1060.0,2021-10-29,1060.0,2021-10-29
2021-10-29 07:13:42.000 +0200,1220.0,2021-10-29,1220.0,2021-10-29
2021-10-29 08:54:42.000 +0200,120.0,2021-10-29,120.0,2021-10-29
2021-10-29 10:20:37.000 +0200,1360.0,2021-10-29,1360.0,2021-10-29
2021-10-29 11:09:33.000 +0200,3460.0,2021-10-29,3460.0,2021-10-29
2021-10-29 11:03:55.000 +0200,6580.0,2021-10-29,6580.0,2021-10-29
2021-07-09 04:29:18.000 +0200,7800.0,2021-07-09,7800.0,2021-07-09
2021-08-27 04:45:12.000 +0200,8640.0,2021-08-27,8640.0,2021-08-27
2021-09-24 01:12:38.000 +0200,10180.0,2021-09-24,10180.0,2021-09-24
2021-10-08 06:30:57.000 +0200,1060.0,2021-10-08,1060.0,2021-10-08
2021-10-08 10:46:37.000 +0200,5840.0,2021-10-08,5840.0,2021-10-08
2022-04-08 01:05:54.000 +0200,9020.0,2022-04-08,9020.0,2022-04-08
2022-04-08 01:19:05.000 +0200,9680.0,2022-04-08,9680.0,2022-04-08
2022-04-08 01:27:21.000 +0200,8560.0,2022-04-08,8560.0,2022-04-08
2022-04-08 04:42:54.000 +0200,7720.0,2022-04-08,7720.0,2022-04-08
2022-04-08 04:45:38.000 +0200,6860.0,2022-04-08,6860.0,2022-04-08
2022-04-08 04:47:58.000 +0200,9880.0,2022-04-08,9880.0,2022-04-08
2022-04-08 06:28:39.000 +0200,1200.0,2022-04-08,1200.0,2022-04-08
2022-04-08 07:14:01.000 +0200,1000.0,2022-04-08,1000.0,2022-04-08
2022-04-08 08:49:16.000 +0200,340.0,2022-04-08,340.0,2022-04-08
2022-04-08 10:42:11.000 +0200,340.0,2022-04-08,340.0,2022-04-08
2022-04-08 10:47:25.000 +0200,4460.0,2022-04-08,4460.0,2022-04-08
2022-04-08 11:00:47.000 +0200,2320.0,2022-04-08,2320.0,2022-04-08
2022-04-15 01:08:24.000 +0200,8860.0,2022-04-15,8860.0,2022-04-15
2022-04-15 01:25:36.000 +0200,9260.0,2022-04-15,9260.0,2022-04-15
2022-04-15 01:54:24.000 +0200,7820.0,2022-04-15,7820.0,2022-04-15
2022-04-15 04:33:49.000 +0200,7700.0,2022-04-15,7700.0,2022-04-15
2022-04-15 04:34:34.000 +0200,9140.0,2022-04-15,9140.0,2022-04-15
2022-04-15 04:39:15.000 +0200,6620.0,2022-04-15,6620.0,2022-04-15
2022-04-15 06:30:50.000 +0200,3540.0,2022-04-15,3540.0,2022-04-15
2022-04-15 07:17:41.000 +0200,960.0,2022-04-15,960.0,2022-04-15
2022-04-15 09:20:17.000 +0200,840.0,2022-04-15,840.0,2022-04-15
2022-04-15 10:49:44.000 +0200,2580.0,2022-04-15,2580.0,2022-04-15
2022-05-13 01:05:12.000 +0200,9280.0,2022-05-13,9280.0,2022-05-13
2022-05-13 01:23:35.000 +0200,10840.0,2022-05-13,10840.0,2022-05-13
2022-05-13 01:37:14.000 +0200,9000.0,2022-05-13,9000.0,2022-05-13
2022-05-13 04:44:21.000 +0200,7640.0,2022-05-13,7640.0,2022-05-13
2022-05-13 04:45:19.000 +0200,9660.0,2022-05-13,9660.0,2022-05-13
2022-05-13 04:52:22.000 +0200,10080.0,2022-05-13,10080.0,2022-05-13
2022-05-13 06:33:31.000 +0200,1020.0,2022-05-13,1020.0,2022-05-13
2022-05-13 07:14:10.000 +0200,1300.0,2022-05-13,1300.0,2022-05-13
2022-05-13 08:57:25.000 +0200,260.0,2022-05-13,260.0,2022-05-13
2022-05-13 08:58:24.000 +0200,120.0,2022-05-13,120.0,2022-05-13
2022-05-13 10:46:13.000 +0200,5580.0,2022-05-13,5580.0,2022-05-13
2022-05-13 11:15:40.000 +0200,2380.0,2022-05-13,2380.0,2022-05-13
2022-05-06 01:12:43.000 +0200,10340.0,2022-05-06,10340.0,2022-05-06
2022-05-06 01:18:49.000 +0200,9400.0,2022-05-06,9400.0,2022-05-06
2022-05-06 01:22:55.000 +0200,9080.0,2022-05-06,9080.0,2022-05-06
2022-05-06 04:41:27.000 +0200,8420.0,2022-05-06,8420.0,2022-05-06
2022-05-06 04:41:55.000 +0200,6880.0,2022-05-06,6880.0,2022-05-06
2022-05-06 04:42:20.000 +0200,10140.0,2022-05-06,10140.0,2022-05-06
2022-05-06 06:33:16.000 +0200,920.0,2022-05-06,920.0,2022-05-06
2022-05-20 01:13:01.000 +0200,10460.0,2022-05-20,10460.0,2022-05-20
2022-05-20 01:17:58.000 +0200,9300.0,2022-05-20,9300.0,2022-05-20
2022-05-20 01:36:07.000 +0200,9160.0,2022-05-20,9160.0,2022-05-20
2022-05-20 04:37:31.000 +0200,11020.0,2022-05-20,11020.0,2022-05-20
2022-05-20 04:44:04.000 +0200,7340.0,2022-05-20,7340.0,2022-05-20
2022-05-20 04:44:34.000 +0200,7160.0,2022-05-20,7160.0,2022-05-20
2022-05-20 06:38:16.000 +0200,720.0,2022-05-20,720.0,2022-05-20
2022-05-20 07:46:36.000 +0200,1360.0,2022-05-20,1360.0,2022-05-20
2022-05-20 09:09:37.000 +0200,100.0,2022-05-20,100.0,2022-05-20
2022-05-20 10:29:35.000 +0200,860.0,2022-05-20,860.0,2022-05-20
2022-05-06 07:31:26.000 +0200,1280.0,2022-05-06,1280.0,2022-05-06
2022-05-20 10:43:33.000 +0200,6400.0,2022-05-20,6400.0,2022-05-20
2022-05-20 10:55:36.000 +0200,2400.0,2022-05-20,2400.0,2022-05-20
2022-05-20 10:57:41.000 +0200,5320.0,2022-05-20,5320.0,2022-05-20
2022-05-06 09:16:02.000 +0200,140.0,2022-05-06,140.0,2022-05-06
2022-05-06 10:50:45.000 +0200,680.0,2022-05-06,680.0,2022-05-06
2022-05-06 10:55:08.000 +0200,3040.0,2022-05-06,3040.0,2022-05-06
2022-05-06 10:55:57.000 +0200,5280.0,2022-05-06,5280.0,2022-05-06
2022-05-27 01:23:16.000 +0200,10620.0,2022-05-27,10620.0,2022-05-27
2022-05-27 01:41:34.000 +0200,11280.0,2022-05-27,11280.0,2022-05-27
2022-05-27 01:42:14.000 +0200,8440.0,2022-05-27,8440.0,2022-05-27
2022-05-27 04:37:33.000 +0200,7680.0,2022-05-27,7680.0,2022-05-27
2022-05-27 04:38:11.000 +0200,6860.0,2022-05-27,6860.0,2022-05-27
2022-05-27 04:45:08.000 +0200,7300.0,2022-05-27,7300.0,2022-05-27
2022-05-27 06:33:57.000 +0200,940.0,2022-05-27,940.0,2022-05-27
2022-05-27 07:17:29.000 +0200,1320.0,2022-05-27,1320.0,2022-05-27
2022-05-27 08:46:00.000 +0200,180.0,2022-05-27,180.0,2022-05-27
2022-05-27 10:29:58.000 +0200,1080.0,2022-05-27,1080.0,2022-05-27
2022-05-27 10:44:37.000 +0200,6520.0,2022-05-27,6520.0,2022-05-27
2022-05-27 10:58:25.000 +0200,2240.0,2022-05-27,2240.0,2022-05-27
2022-04-22 01:17:26.000 +0200,9380.0,2022-04-22,9380.0,2022-04-22
2022-04-22 01:25:01.000 +0200,11580.0,2022-04-22,11580.0,2022-04-22
2022-04-22 01:28:22.000 +0200,8440.0,2022-04-22,8440.0,2022-04-22
2022-04-22 04:28:39.000 +0200,6360.0,2022-04-22,6360.0,2022-04-22
2022-04-22 04:29:25.000 +0200,10140.0,2022-04-22,10140.0,2022-04-22
2022-04-22 04:33:21.000 +0200,7720.0,2022-04-22,7720.0,2022-04-22
2022-04-22 06:32:01.000 +0200,1060.0,2022-04-22,1060.0,2022-04-22
2022-04-22 07:44:23.000 +0200,1240.0,2022-04-22,1240.0,2022-04-22
2022-04-22 09:23:12.000 +0200,140.0,2022-04-22,140.0,2022-04-22
2022-04-22 10:56:58.000 +0200,2160.0,2022-04-22,2160.0,2022-04-22
2022-04-22 11:03:54.000 +0200,5000.0,2022-04-22,5000.0,2022-04-22
2022-04-22 10:38:29.000 +0200,960.0,2022-04-22,960.0,2022-04-22
2022-04-29 01:02:50.000 +0200,9360.0,2022-04-29,9360.0,2022-04-29
2022-04-29 01:21:18.000 +0200,11180.0,2022-04-29,11180.0,2022-04-29
2022-04-29 01:34:50.000 +0200,9020.0,2022-04-29,9020.0,2022-04-29
2022-04-29 04:28:33.000 +0200,8400.0,2022-04-29,8400.0,2022-04-29
2022-04-29 04:29:31.000 +0200,9520.0,2022-04-29,9520.0,2022-04-29
2022-04-29 04:36:23.000 +0200,7220.0,2022-04-29,7220.0,2022-04-29
2022-04-29 06:31:48.000 +0200,1100.0,2022-04-29,1100.0,2022-04-29
2022-04-29 07:29:34.000 +0200,1380.0,2022-04-29,1380.0,2022-04-29
2022-04-29 09:07:41.000 +0200,160.0,2022-04-29,160.0,2022-04-29
2022-04-29 10:46:29.000 +0200,4980.0,2022-04-29,4980.0,2022-04-29
2022-04-29 11:06:42.000 +0200,2480.0,2022-04-29,2480.0,2022-04-29
2022-04-29 10:41:14.000 +0200,980.0,2022-04-29,980.0,2022-04-29
